#{"t_start": 1760974001.3179224, "env_id": "Pendulum-v1"}
r,l,t
-1315.087536,200,0.24347
-641.976646,200,0.651218
-1052.512946,200,1.153594
-871.95496,200,1.668075
-1080.292301,200,1.96161
-1299.171207,200,2.290784
-912.336166,200,2.553534
-746.775294,200,2.899847
-1072.233597,200,3.251186
-1080.02915,200,3.495542
-1094.426153,200,3.815847
-1073.924646,200,4.067721
-1287.68007,200,4.483028
-858.667451,200,4.758964
-883.100284,200,5.103065
-1687.641971,200,5.347725
-794.873282,200,5.727368
-856.156316,200,6.091647
-1187.533303,200,6.353095
-752.265801,200,6.711069
-1526.884134,200,6.946532
-1283.471371,200,7.274247
-1097.855873,200,7.501548
-940.616505,200,7.844723
-1444.886223,200,8.163438
-1610.053432,200,8.41255
-1678.664143,200,8.749163
-1178.981796,200,9.03649
-880.329094,200,9.376619
-1070.855054,200,9.617743
-1864.760791,200,9.940182
-1418.164846,200,10.183441
-1521.168547,200,10.523021
-1377.779735,200,10.836195
-1056.254072,200,11.10672
-765.963188,200,11.450322
-837.447199,200,11.690396
-1197.391305,200,12.009703
-1114.7071,200,12.252368
-960.164894,200,12.586601
-1660.856332,200,12.917104
-1070.563855,200,13.162453
-1468.93333,200,13.487223
-1178.210849,200,13.740816
-1027.706377,200,14.067785
-964.239078,200,14.318842
-1819.864641,200,14.686247
-1353.491274,200,14.94579
-1069.235875,200,15.283023
-1527.327344,200,15.593363
-756.015364,200,15.867586
-1620.349039,200,15.98816
-1747.171798,200,16.089808
-1071.113923,200,16.186737
-1755.188027,200,16.283759
